File Name,Number of Sequences (QTY),Alignment Length (AL),Sum of Pairs (SP),Exact Matches (EM),Column Score (CS)
test0,4,106,-1352,4,0.03773584905660377
test1,4,103,-1216,2,0.019417475728155338
test2,4,101,-1240,2,0.019801980198019802
test3,4,103,-1248,1,0.009708737864077669
test4,4,101,-1080,3,0.0297029702970297
test5,4,101,-1168,3,0.0297029702970297
test6,4,101,-1096,3,0.0297029702970297
test7,4,101,-1304,1,0.009900990099009901
test8,4,103,-1048,4,0.038834951456310676
test9,4,101,-1264,0,0.0
