File Name,Number of Sequences (QTY),Alignment Length (AL),Sum of Pairs (SP),Exact Matches (EM),Column Score (CS)
test0,4,106,-1368,1,0.009433962264150943
test1,4,106,-1208,2,0.018867924528301886
test2,4,101,-1240,2,0.019801980198019802
test3,4,101,-1288,0,0.0
test4,4,101,-1080,3,0.0297029702970297
test5,4,101,-1168,3,0.0297029702970297
test6,4,101,-1096,3,0.0297029702970297
test7,4,106,-1264,2,0.018867924528301886
test8,4,105,-1072,5,0.047619047619047616
test9,4,101,-1264,0,0.0
